{
  "flower": "ALL",
  "hasHoneycomb": true,
  "maxTimeInHive": 600,
  "baseLayerTexture": "ores/iron/iron_bee",
  "ColorData": {
    "isBeeColored": false,
    "honeycombColor": "#ffcc99",
    "modelType": "ORE"
  },
  "MutationData": {
    "hasMutation": true,
    "mutations" : [
      {
        "type": "BLOCK",
        "inputID": "minecraft:stone",
        "outputs": [
          {"outputID": "minecraft:iron_ore", "weight": 10},
          {"outputID": "minecraft:cobblestone", "weight": 10}
        ]
      }
    ]
  },
  "CentrifugeData": {
    "hasCentrifugeOutput": true,
    "mainOutput": "minecraft:iron_ingot"
  },
  "SpawnData": {
    "canSpawnInWorld": true,
    "biomeWhitelist": "tag:OVERWORLD",
    "biomeBlacklist": "tag:ocean"
  },
  "BreedData": {
    "isBreedable": true
  },
  "TraitData": {}
}